"title","text","label"
"Scientists discover new dinosaur species in Argentina","Palaeontologists in Patagonia have unearthed the fossil of a previously unknown long-necked dinosaur species that roamed Earth approximately 90 million years ago. The skeleton was found remarkably preserved including sections of skin impression giving researchers new insights into the biology of large sauropod dinosaurs.","REAL"
"NASA tests Artemis rocket booster for lunar mission","The US space agency successfully completed a full-duration hot-fire test of the Space Launch System core stage booster in preparation for the Artemis lunar programme. Engineers confirmed all propulsion systems performed within expected parameters during the 500-second burn.","REAL"
"Global temperatures set new record in 2025","The World Meteorological Organisation confirmed that global average surface temperatures in 2025 exceeded the previous record set in 2023. Scientists attributed the rise to elevated greenhouse gas concentrations and a strong El Nino weather pattern influencing ocean heat distribution.","REAL"
"MIT develops battery with double the energy density","Researchers at the Massachusetts Institute of Technology announced a new solid-state lithium battery architecture that achieves twice the energy density of conventional lithium-ion cells used in consumer electronics and electric vehicles.","REAL"
"UN warns biodiversity loss is accelerating faster than expected","A landmark United Nations biodiversity report warns that the rate of species extinction is now estimated to be hundreds of times higher than the natural background extinction rate. Habitat destruction agriculture and pollution were identified as the primary drivers.","REAL"
"New malaria vaccine shows 77 percent efficacy in clinical trials","A vaccine developed through a collaboration between Oxford University and the Serum Institute of India demonstrated 77 percent efficacy against severe malaria in a large-scale phase three clinical trial conducted across Ghana Kenya and Burkina Faso involving over 4000 children.","REAL"
"Global stock markets fall after central bank rate decisions","Major equity indices including the S&P 500 FTSE 100 and Nikkei 225 declined sharply after the US Federal Reserve signalled that interest rates would remain elevated for longer than markets had anticipated. Bond yields rose while technology stocks bore the steepest losses.","REAL"
"Space telescope images exoplanet atmosphere in detail for first time","Astronomers using the James Webb Space Telescope captured the most detailed spectrum of an exoplanet atmosphere to date detecting water vapour carbon dioxide and methane simultaneously in a planet orbiting a star approximately 120 light years from Earth.","REAL"
"Quantum computing milestone achieved by research team this year","A team of physicists reported that their 127-qubit processor successfully executed a computational sampling task in under four minutes that would require approximately 47 years on the most powerful classical supercomputer available today according to their benchmarking methodology.","REAL"
"Oxford study links processed food to increased early mortality risk","A large observational study tracking over 500000 adults across multiple European countries found that higher consumption of ultra-processed foods was statistically associated with a 19 percent increased risk of cardiovascular disease over a 12-year follow-up period.","REAL"
"Electric cars secretly emit mind-control radiation government confirms","An internal government document leaked online reveals that electric vehicles manufactured after 2020 contain hidden antennas inside the battery management system that transmit low-frequency electromagnetic pulses designed to suppress independent thought and make drivers more compliant with surveillance.","FAKE"
"Eating raw garlic for 30 days cures all forms of cancer doctors say","A group of physicians fired by major hospitals for speaking the truth confirmed in a viral video that consuming ten raw garlic cloves daily for exactly 30 consecutive days completely eliminates every known form of cancer without chemotherapy or surgery. Pharmaceutical companies are suppressing this.","FAKE"
"Moon landing was staged in Hollywood studio new tapes prove conclusively","Newly surfaced VHS cassettes purportedly recorded in 1969 and authenticated by an anonymous former NASA technician prove that director Stanley Kubrick filmed the Apollo 11 lunar landing on a secret soundstage in Nevada. The original footage was digitally altered before broadcast.","FAKE"
"Secret microchips inserted in billions of people via recent vaccinations","A former pharmaceutical executive confirmed in an interview that mRNA vaccines each contain a nano-scale graphene chip that activates when the recipient passes near a 5G cell tower. The chips record GPS coordinates and stream biometric data to servers owned by an unnamed technology billionaire.","FAKE"
"Ancient pyramid builders were time-travelling robots reveals independent expert","An archaeologist who says mainstream academia has suppressed his findings presented evidence showing that the Great Pyramid of Giza was constructed by autonomous robotic machines sent from the year 3500 using a stable wormhole located beneath the Sahara desert.","FAKE"
"Water fluoridation is a mass mind control program whistleblower reveals documents","A retired government chemist turned whistleblower provided documents proving that the compound added to municipal water supplies since the 1940s is not standard sodium fluoride but a synthetic derivative that lowers IQ scores by approximately 15 points over a lifetime.","FAKE"
"5G towers are spreading a new engineered illness independent scientists confirm","Independent researchers demonstrated in a kitchen-lab video that 5G radio waves at 60 gigahertz cause blood cells to vibrate at a resonant frequency that reduces oxygen absorption by 40 percent triggering symptoms identical to those of a well-known respiratory illness.","FAKE"
"Mermaids photographed off Iceland coast with cameras immediately confiscated","Fishermen operating north of Reykjavik recorded clear video footage of humanoid creatures with fish-like lower bodies surfacing near their vessel for approximately 90 seconds. Within hours naval vessels arrived and confiscated all recording equipment without explanation.","FAKE"
"Flat earth pilot confirms planes secretly fly in circles to hide globe shape","A retired commercial airline pilot told a podcast that all major carriers have been ordered by aviation authorities since 1965 to fly circuitous routes that maintain the illusion of a spherical surface. Navigation computers display fake coordinates while autopilot flies actual flat-plane routes.","FAKE"
"Celebrity industry has been replaced by AI avatars for decades sources claim","A former special effects artist revealed that all A-list celebrities currently seen in films and on television are AI-generated digital avatars controlled remotely. The real celebrities were quietly relocated to a private island in 2009 and receive royalties under a classified agreement.","FAKE"
